      event_id  detector_system  detector_index  n_hits  first_arrival
0            1                0               5       1       5.331446
1            1                0               8       6       3.566695
2            1                0              16      24       2.382416
3            1                0              18       6       1.668139
4            1                0              99       9       5.618342
5            1                2             134       8       4.497990
6            2                0               5      64       3.955215
7            2                0               8     109       2.754514
8            2                0              16     271       1.627360
9            2                0              18     152       1.518552
10           2                0              99      10       5.168433
11           2                0             120      10       3.172277
12           2                2             134      21       4.454540
13           3                0               5     107       3.405066
14           3                0               8     318       2.301977
15           3                0              16     538       1.764878
16           3                0              99      18       4.922815
17           4                0               5     264       2.968119
18           4                0               8     190       2.368005
19           4                0              16     118       1.598202
20           4                0              82      42       6.256254
21           4                0              97      96       5.469722
22           4                0              99      12       4.593019
23           4                2             134       4       5.123028
24           5                0               5     541       3.104409
25           5                0               6     157       1.341304
26           5                0               7       1       3.866529
27           5                0               8     114       2.275229
28           5                0               9       1       2.101623
29           5                0              16      32       2.300263
30           5                0              82      37       6.243362
31           5                0              97     106       5.036098
32           5                0              99      72       4.595466
33           6                0               5     189       2.926165
34           6                0               6     208       1.413321
35           6                0               7     220       2.711497
36           6                0               8     151       2.701467
37           6                0               9     486       1.689990
38           6                0              97     122       4.697350
39           6                0              99     187       4.691212
40           6                0             112       4       4.891409
41           6                0             115       1       6.047551
42           7                0               5     126       3.364921
43           7                0               6       9       1.781591
44           7                0               7     496       2.347486
45           7                0               9     218       1.643126
46           7                0              82       3       6.646120
47           7                0              97      83       4.550765
48           7                0              99      54       5.021062
49           7                0             112      82       4.451618
50           7                0             115      11       5.888754
51           8                0               0     140       1.587179
52           8                0               3      30       1.316546
53           8                0               5      11       3.915166
54           8                0               7     220       2.313804
55           8                0               9     181       1.953979
56           8                0              97      22       4.768277
57           8                0             112     183       4.202286
58           8                0             115       4       5.932710
59           9                0               0     538       1.500627
60           9                0               5       5       4.773368
61           9                0               7     268       2.630392
62           9                0               9       7       2.745041
63           9                0              97     120       4.769985
64           9                0              99      10       5.994784
65           9                0             112     108       4.147852
66          10                0               0      62       1.391518
67          10                0               7      24       3.270026
68          10                0              97      19       5.132297
69          10                0             112      69       4.299958
70          11                0               0      14       2.276556
71          11                0              97       8       5.597228
72          11                0             112      84       4.616301
73          12                0             112       3       5.126000
74          13                0             120      14       2.727285
75          13                2             134      14       4.213123
76          14                0              16      16       1.967135
77          14                0              18     112       0.689185
78          14                0              99      79       5.314808
79          14                0             120      52       2.366080
80          14                0             121      11       1.625197
81          14                2             134       6       3.837896
82          15                0              16     232       1.327267
83          15                0              18    2029       0.192178
84          15                0              82      18       6.134564
85          15                0              99      27       4.791532
86          15                0             113      15       4.956840
87          15                0             120      28       2.512206
88          15                2             134      33       3.844317
89          16                0               5       3       3.555756
90          16                0               8     182       2.001951
91          16                0              16    2288       0.864592
92          16                0              18     130       0.629564
93          16                0              82      81       5.831546
94          16                0              97      56       5.693512
95          16                0              99      18       4.322994
96          16                0             113      66       4.832578
97          16                0             120     178       2.707401
98          16                2             134      73       3.918018
99          17                0               5     196       2.656471
100         17                0               6       8       1.339679
101         17                0               8    2259       1.525365
102         17                0              15     324       0.043417
103         17                0              16     288       1.286946
104         17                0              82      90       5.668587
105         17                0              97     168       5.148286
106         17                0              99       4       4.022997
107         17                0             113      81       4.871551
108         17                0             115       2       6.047120
109         17                0             120      28       3.327364
110         17                2             134     138       4.352825
111         18                0               5    2478       2.191105
112         18                0               6     967       0.605271
113         18                0               8     297       1.939084
114         18                0              15    1074       0.250386
115         18                0              82     101       5.648959
116         18                0              97     200       4.638725
117         18                0              99     227       3.937522
118         18                0             115       3       5.732450
119         19                0               5     257       2.608716
120         19                0               6    2144       0.480551
121         19                0               7      37       2.541754
122         19                0               9     970       1.271692
123         19                0              76       5       5.824682
124         19                0              82      32       5.875453
125         19                0              97     236       4.196485
126         19                0              99     282       4.183610
127         19                0             112     105       4.481507
128         19                0             113       1       5.497925
129         19                0             115      84       5.372317
130         20                0               1     378       0.120678
131         20                0               6      31       1.203886
132         20                0               7    1381       1.915077
133         20                0               9    1882       1.147418
134         20                0              76      41       5.408935
135         20                0              82      76       6.036716
136         20                0              97     188       3.929133
137         20                0              99      40       4.771005
138         20                0             112     149       3.998786
139         20                0             115     103       5.244056
140         21                0               0      94       1.224499
141         21                0               3    1957       0.022616
142         21                0               7    2003       1.814487
143         21                0               9      28       1.857356
144         21                0              82       1       6.483990
145         21                0              97      74       4.082400
146         21                0              99      75       5.130880
147         21                0             112     238       3.640213
148         21                0             115       2       5.575180
149         22                0               0    2379       0.681763
150         22                0               3     222       0.330641
151         22                0               7      44       2.529351
152         22                0              76     111       5.102652
153         22                0              97      62       4.296113
154         22                0              99      25       5.717717
155         22                0             112     194       3.557620
156         22                0             115      50       5.433981
157         23                0               0     417       0.971004
158         23                0              76      79       5.176499
159         23                0              97     104       4.754712
160         23                0             112     227       3.782205
161         23                0             115      12       5.732129
162         24                0               0      46       1.667077
163         24                0              76      33       5.389137
164         24                0              97      84       5.275479
165         24                0             112      58       4.199561
166         25                0             112       2       4.905804
167         26                0             120      95       2.326490
168         26                0             121      52       1.219808
169         26                2             134       3       4.174067
170         27                0               5       3       4.910076
171         27                0               8       8       3.604851
172         27                0              16      18       2.357360
173         27                0              18      12       1.362086
174         27                0              82      31       6.076634
175         27                0              99      96       5.131883
176         27                0             113      65       4.717071
177         27                0             120     336       1.826355
178         27                0             121     620       0.802656
179         27                2             134      56       3.196908
180         28                0               5      48       4.032813
181         28                0               8     137       2.775628
182         28                0              16     308       1.650621
183         28                0              18     181       0.921703
184         28                0              42      17       3.517107
185         28                0              82      45       5.644096
186         28                0              99     147       4.548800
187         28                0             113     155       4.387362
188         28                0             120     668       1.866657
189         28                0             121     295       1.209917
190         28                2             134     101       3.228684
191         29                0               5     148       3.450095
192         29                0               8     331       2.315113
193         29                0              16     611       1.448827
194         29                0              18      35       1.284987
195         29                0              82      87       5.319862
196         29                0              97     101       5.540650
197         29                0              99     225       3.988198
198         29                0             113     179       4.238978
199         29                0             120     392       2.359332
200         29                2             134     286       3.522609
201         30                0               5     376       2.980777
202         30                0               8     636       2.102953
203         30                0              16     300       1.629557
204         30                0              74      26       6.370049
205         30                0              82     134       5.081706
206         30                0              97     205       4.954331
207         30                0              99     464       3.480558
208         30                0             113     196       4.291800
209         30                0             115      91       5.553541
210         30                0             120     154       2.940768
211         30                2             134     234       4.031113
212         31                0               5     580       2.774773
213         31                0               6     199       1.160784
214         31                0               7      74       3.290630
215         31                0               8     394       2.279018
216         31                0               9     148       2.093016
217         31                0              16      31       2.295121
218         31                0              74      16       6.361826
219         31                0              76       6       5.851546
220         31                0              82     158       5.057937
221         31                0              97     325       4.376404
222         31                0              99    1052       3.358640
223         31                0             112     139       4.788133
224         31                0             113     203       4.525368
225         31                0             115     179       5.137501
226         31                2             133      17       6.796725
227         31                2             134     125       4.602481
228         32                0               5     385       2.952777
229         32                0               6     272       1.086309
230         32                0               7     257       2.735220
231         32                0               8     155       2.718285
232         32                0               9     512       1.709256
233         32                0              74      10       6.503539
234         32                0              76      92       5.302765
235         32                0              80       7       6.462499
236         32                0              82     148       5.229764
237         32                0              97     480       3.817111
238         32                0              99     525       3.796036
239         32                0             112     274       4.208500
240         32                0             113      73       4.889967
241         32                0             115     212       4.820194
242         32                2             133      25       6.783041
243         32                2             134       5       5.225243
244         33                0               5     176       3.390305
245         33                0               6      13       1.704822
246         33                0               7     502       2.368075
247         33                0               8      23       3.401287
248         33                0               9     581       1.667384
249         33                0              76     165       4.902079
250         33                0              80      34       6.332323
251         33                0              82     145       5.550155
252         33                0              97    1013       3.366722
253         33                0              99     288       4.350034
254         33                0             112     421       3.644729
255         33                0             115     196       4.652682
256         33                2             133       9       6.818276
257         34                0               0     125       1.579507
258         34                0               3      20       1.033172
259         34                0               5      89       3.921116
260         34                0               7     523       2.331933
261         34                0               9     217       1.988395
262         34                0              76     153       4.618196
263         34                0              80      18       6.343318
264         34                0              82     111       5.967681
265         34                0              97     506       3.450758
266         34                0              99     201       4.927485
267         34                0             112     807       3.140570
268         34                0             115     174       4.684868
269         35                0               0     470       1.250942
270         35                0               5       6       4.700136
271         35                0               7     290       2.651995
272         35                0               9      10       2.758447
273         35                0              76     160       4.510926
274         35                0              80       3       6.511899
275         35                0              82      28       6.448072
276         35                0              97     223       3.945823
277         35                0              99     131       5.513076
278         35                0             112     713       2.975129
279         35                0             115     133       4.899970
280         36                0               0     322       1.383025
281         36                0               7     109       3.146405
282         36                0              76     127       4.610693
283         36                0              85     216       1.176436
284         36                0              88       4       3.285092
285         36                0              97     147       4.510916
286         36                0             112     299       3.365816
287         36                0             115      92       5.251903
288         37                0               0      19       2.084707
289         37                0               7      10       4.044367
290         37                0              76      38       4.897405
291         37                0              85     635       0.721549
292         37                0              97      83       5.092934
293         37                0             112     180       3.910971
294         37                0             115      12       5.695533
295         38                0              76       4       5.375547
296         38                0              85      66       1.157830
297         38                0              97       2       5.731635
298         38                0             112      48       4.495050
299         39                0              42      36       2.935548
300         39                0             113      28       4.754929
301         39                0             120     135       2.260263
302         39                0             121     152       1.035153
303         40                0              42      30       2.784300
304         40                0              75       5       5.564409
305         40                0              82      35       5.790441
306         40                0              99      66       5.161984
307         40                0             113      57       4.378152
308         40                0             117       2       1.794859
309         40                0             120     515       1.671260
310         40                0             121    1210       0.580449
311         40                2             134      12       3.235612
312         41                0               5      50       4.307419
313         41                0               8      46       3.284455
314         41                0              16       8       2.676651
315         41                0              42     101       2.874999
316         41                0              74      29       6.199492
317         41                0              75      53       5.338196
318         41                0              82      74       5.241957
319         41                0              99     162       4.508629
320         41                0             113     192       3.860416
321         41                0             120    1215       1.709179
322         41                0             121     548       1.106008
323         41                2             134    1240       2.730899
324         42                0               5     195       3.821876
325         42                0               8     204       2.830487
326         42                0              16      57       2.302374
327         42                0              42      88       3.218139
328         42                0              74      80       5.928491
329         42                0              75      79       5.272646
330         42                0              82      89       4.803023
331         42                0              97     120       5.514140
332         42                0              99     227       3.918536
333         42                0             113     228       3.647103
334         42                0             115      50       5.742887
335         42                0             120     506       2.284722
336         42                2             133       9       6.664068
337         42                2             134     556       3.324809
338         43                0               5     291       3.496578
339         43                0               8     307       2.697659
340         43                0              16      12       2.578938
341         43                0              74      96       5.778607
342         43                0              75      60       5.354889
343         43                0              80      23       6.479316
344         43                0              82     190       4.507671
345         43                0              97     221       4.920804
346         43                0              99     655       3.347323
347         43                0             113     331       3.724590
348         43                0             115     201       5.208246
349         43                0             120     182       2.882289
350         43                2             133      88       6.381709
351         43                2             134     312       3.921696
352         44                0               5     304       3.373664
353         44                0               7      19       3.763932
354         44                0               8     266       2.805631
355         44                0               9       5       2.990160
356         44                0              74      98       5.767323
357         44                0              75      22       5.582230
358         44                0              76      48       5.475618
359         44                0              80      77       6.123415
360         44                0              82     229       4.469614
361         44                0              97     331       4.328918
362         44                0              99    1080       3.176490
363         44                0             112     125       4.750250
364         44                0             113     303       4.048793
365         44                0             115     247       4.713661
366         44                2             133     111       6.236747
367         44                2             134     196       4.517852
368         45                0               5     242       3.478893
369         45                0               7     188       3.178736
370         45                0               8      51       3.214724
371         45                0               9      99       2.430311
372         45                0              74     101       5.899319
373         45                0              76     181       4.944371
374         45                0              80     104       5.872225
375         45                0              82     231       4.714742
376         45                0              97     600       3.743255
377         45                0              99     566       3.717959
378         45                0             112     291       4.157423
379         45                0             113     215       4.503623
380         45                0             115     314       4.302091
381         45                2             133     111       6.176835
382         45                2             134      27       5.151453
383         46                0               5     171       3.788590
384         46                0               7     272       2.935066
385         46                0               9     110       2.378827
386         46                0              74      74       6.154500
387         46                0              76     214       4.462017
388         46                0              77      40       5.543481
389         46                0              80     100       5.741937
390         46                0              82     168       5.131470
391         46                0              97    1126       3.194420
392         46                0              99     300       4.303872
393         46                0             112     424       3.567050
394         46                0             113      69       5.018039
395         46                0             115     284       4.063519
396         46                2             133      97       6.213514
397         47                0               5      64       4.246964
398         47                0               7     298       2.914035
399         47                0               9      23       2.795682
400         47                0              74      11       6.516611
401         47                0              76     250       4.077819
402         47                0              77      77       5.337824
403         47                0              80      98       5.753708
404         47                0              82     137       5.624472
405         47                0              88      10       3.522390
406         47                0              97     687       3.313093
407         47                0              99     220       4.894934
408         47                0             112    1142       2.985077
409         47                0             115     196       4.109597
410         47                2             133      72       6.377829
411         48                0               7     191       3.120036
412         48                0              76     252       3.912410
413         48                0              77      78       5.267495
414         48                0              80      84       5.908273
415         48                0              82      79       6.158099
416         48                0              88      98       2.735935
417         48                0              97     200       3.888775
418         48                0              99     125       5.489995
419         48                0             112     726       2.728663
420         48                0             115     180       4.410596
421         48                2             133      18       6.701333
422         49                0               7      43       3.625386
423         49                0              76     194       4.059116
424         49                0              77      61       5.343648
425         49                0              80      31       6.179904
426         49                0              85     368       1.035854
427         49                0              88     136       2.421041
428         49                0              97     151       4.485462
429         49                0             112     309       3.260110
430         49                0             115     124       4.851789
431         50                0              76      32       4.439364
432         50                0              77       8       5.593084
433         50                0              85    1760       0.478035
434         50                0              88      72       2.377407
435         50                0              97      50       5.174847
436         50                0             112     121       3.847700
437         50                0             115      55       5.365149
438         51                0              76       3       4.912087
439         51                0              85     167       1.377760
440         51                0              88      28       2.708575
441         51                0             112      41       4.459150
442         52                0              42      81       2.496310
443         52                0              75      10       5.380143
444         52                0              82       5       6.220306
445         52                0             113      71       4.516769
446         52                0             117      29       1.248391
447         52                0             120       9       2.510728
448         52                0             121      20       1.582053
449         53                0              42     236       2.154796
450         53                0              74      40       6.132414
451         53                0              75      48       5.025750
452         53                0              82      25       5.592122
453         53                0              99      50       5.268352
454         53                0             113     197       3.949958
455         53                0             117     430       0.878532
456         53                0             120      75       2.111011
457         53                0             121      72       1.131606
458         53                2             134      35       3.212007
459         54                0              42     401       2.372788
460         54                0              45       5       3.682255
461         54                0              74      92       5.714001
462         54                0              75     108       4.761468
463         54                0              82      58       5.009233
464         54                0              99     133       4.684080
465         54                0             113     273       3.426676
466         54                0             117     198       1.255982
467         54                0             120     347       2.144941
468         54                0             121      81       1.503080
469         54                2             133      33       6.618486
470         54                2             134     809       2.740203
471         55                0               5      40       4.402184
472         55                0               8       3       3.963784
473         55                0              42     266       2.869962
474         55                0              74     132       5.384143
475         55                0              75     147       4.678670
476         55                0              80      18       6.531957
477         55                0              82     128       4.431316
478         55                0              97      65       5.622693
479         55                0              99     228       4.175779
480         55                0             113     517       3.063632
481         55                0             115     110       5.559107
482         55                0             120     321       2.531749
483         55                2             133     111       6.147307
484         55                2             134     512       3.329011
485         56                0               5     144       4.070130
486         56                0               8      19       3.665690
487         56                0              42      57       3.525920
488         56                0              74     129       5.190864
489         56                0              75     154       4.783010
490         56                0              80      95       6.043034
491         56                0              82     282       3.968002
492         56                0              97     214       5.059560
493         56                0              99     330       3.787046
494         56                0             113     625       3.209464
495         56                0             115     223       4.981452
496         56                0             120      65       3.109039
497         56                2             133     115       5.828205
498         56                2             134     284       3.924824
499         57                0               5     212       3.964813
500         57                0               8       8       3.874073
501         57                0              74     149       5.177051
502         57                0              75     125       5.050941
503         57                0              76      99       5.292716
504         57                0              80     130       5.634276
505         57                0              82     484       3.898182
506         57                0              97     271       4.519433
507         57                0              99     473       3.713880
508         57                0             112      89       4.867279
509         57                0             113     393       3.686101
510         57                0             115     293       4.415805
511         57                2             133     137       5.640653
512         57                2             134     206       4.521191
513         58                0               5     162       4.056196
514         58                0               7       5       4.160440
515         58                0              74     121       5.348657
516         58                0              75      55       5.431538
517         58                0              76     183       4.713041
518         58                0              77      69       5.405955
519         58                0              80     139       5.318475
520         58                0              82     330       4.297179
521         58                0              97     345       4.036419
522         58                0              99     363       4.018149
523         58                0             112     250       4.312279
524         58                0             113     220       4.240876
525         58                0             115     450       3.880948
526         58                2             133     147       5.583727
527         58                2             134      20       5.156846
528         59                0               5      67       4.390576
529         59                0               7      58       3.722590
530         59                0              74     138       5.660794
531         59                0              76     283       4.146558
532         59                0              77     116       5.025822
533         59                0              80     149       5.151050
534         59                0              82     210       4.830008
535         59                0              97     407       3.715909
536         59                0              99     288       4.497575
537         59                0             112     355       3.794595
538         59                0             113     134       4.814248
539         59                0             115     748       3.489344
540         59                2             133     141       5.618093
541         60                0               7      49       3.708830
542         60                0              74     107       6.069660
543         60                0              76     432       3.622856
544         60                0              77     146       4.765154
545         60                0              80     139       5.167988
546         60                0              82     145       5.395572
547         60                0              88      96       2.974816
548         60                0              97     342       3.767479
549         60                0              99     204       5.035579
550         60                0             112     479       3.382051
551         60                0             115     407       3.574186
552         60                2             133     112       5.856244
553         61                0               7      12       4.051483
554         61                0              74      13       6.565313
555         61                0              76     552       3.316481
556         61                0              77     149       4.673773
557         61                0              80      97       5.369824
558         61                0              82     115       5.974355
559         61                0              88     408       2.362482
560         61                0              97     204       4.143663
561         61                0              99      97       5.598975
562         61                0             112     382       3.270258
563         61                0             115     195       4.029407
564         61                2             133     106       6.174580
565         62                0              70       2       3.627809
566         62                0              76     252       3.592375
567         62                0              77     143       4.771967
568         62                0              80      94       5.700851
569         62                0              82       8       6.609478
570         62                0              85      43       1.504048
571         62                0              88     526       1.895008
572         62                0              97     168       4.643299
573         62                0             112     203       3.571113
574         62                0             115     147       4.577707
575         62                2             133      35       6.608234
576         63                0              63     227       1.082557
577         63                0              70       7       3.473713
578         63                0              76     106       4.109865
579         63                0              77      74       5.043485
580         63                0              80      43       6.122679
581         63                0              85     126       1.016883
582         63                0              88     276       1.819432
583         63                0              97      88       5.191852
584         63                0             112      70       4.117482
585         63                0             115     123       5.158382
586         64                0              63      86       1.021722
587         64                0              76      28       4.694406
588         64                0              85      10       1.779142
589         64                0              88     147       2.274197
590         64                0             112     106       4.573542
591         64                0             115       4       5.762656
592         65                0              42      90       2.300806
593         65                0              45      40       2.996329
594         65                0              75      51       5.010456
595         65                0             113      61       4.446795
596         65                0             117     204       1.711794
597         65                0             120       3       3.268112
598         65                2             134       1       4.358544
599         66                0              42     757       1.702605
600         66                0              45      53       2.856240
601         66                0              74      31       5.861145
602         66                0              75      44       4.540345
603         66                0              99      46       5.489952
604         66                0             113     101       3.853559
605         66                0             117    1527       0.514244
606         66                0             120       2       2.941393
607         66                2             133       9       6.796773
608         66                2             134      46       3.363183
609         67                0              42     695       2.145211
610         67                0              45     147       2.927266
611         67                0              73       4       5.167219
612         67                0              74     111       5.290673
613         67                0              75     193       4.204666
614         67                0              82      42       4.981400
615         67                0              99     135       5.014854
616         67                0             113     337       3.258729
617         67                0             117     481       1.056832
618         67                0             120     103       2.712234
619         67                0             130       1       5.947849
620         67                2             133      90       6.297651
621         67                2             134     227       3.222920
622         68                0              42     298       2.740031
623         68                0              45      88       3.278415
624         68                0              73      31       5.041338
625         68                0              74     120       4.879797
626         68                0              75     215       4.083351
627         68                0              80      72       6.214209
628         68                0              82     176       4.272685
629         68                0              97      24       5.878294
630         68                0              99     158       4.608150
631         68                0             113     660       2.710204
632         68                0             115     102       5.505785
633         68                0             120      75       2.995941
634         68                0             130      27       5.607697
635         68                2             133     131       5.739424
636         68                2             134     263       3.561437
637         69                0              42      84       3.378936
638         69                0              73      25       5.083260
639         69                0              74     181       4.609288
640         69                0              75     164       4.235282
641         69                0              80     134       5.688001
642         69                0              82     437       3.677344
643         69                0              97     146       5.338727
644         69                0              99     180       4.342016
645         69                0             113    1210       2.972003
646         69                0             115     234       4.910200
647         69                0             130      80       5.450529
648         69                2             133     154       5.368248
649         69                2             134     204       4.083759
650         70                0               5       3       5.086082
651         70                0              73       1       5.363101
652         70                0              74     222       4.590321
653         70                0              75     165       4.587513
654         70                0              76     116       5.247664
655         70                0              77      50       5.530387
656         70                0              80     142       5.203566
657         70                0              82    1193       3.539661
658         70                0              96      31       5.799549
659         70                0              97     189       4.877276
660         70                0              99     264       4.298276
661         70                0             112      30       5.138989
662         70                0             113     472       3.564439
663         70                0             115     328       4.315664
664         70                0             130      84       5.427815
665         70                2             133     194       5.038753
666         70                2             134     113       4.649930
667         71                0              74     192       4.829145
668         71                0              75     144       5.046994
669         71                0              76     200       4.653370
670         71                0              77     164       5.017932
671         71                0              80     179       4.800224
672         71                0              82     433       4.131545
673         71                0              96      79       5.551611
674         71                0              97     225       4.505759
675         71                0              99     232       4.494569
676         71                0             112     166       4.630178
677         71                0             113     298       4.158043
678         71                0             115     600       3.721714
679         71                0             130      84       5.539902
680         71                2             133     238       4.989630
681         71                2             134       1       5.278473
682         72                0              74     173       5.230299
683         72                0              75      40       5.561398
684         72                0              76     290       4.060279
685         72                0              77     180       4.559254
686         72                0              80     231       4.561888
687         72                0              82     247       4.726090
688         72                0              96      89       5.431866
689         72                0              97     245       4.297699
690         72                0              99     216       4.860192
691         72                0             112     232       4.210876
692         72                0             113     146       4.753289
693         72                0             115    1015       3.140894
694         72                0             130      26       5.779974
695         72                0             131       3       5.379107
696         72                2             133     191       5.055103
697         73                0              74     132       5.712386
698         73                0              76     617       3.467916
699         73                0              77     221       4.213026
700         73                0              80     191       4.588024
701         73                0              82     172       5.321759
702         73                0              88     134       2.856515
703         73                0              96      68       5.451921
704         73                0              97     198       4.328445
705         73                0              99     151       5.321963
706         73                0             112     247       3.926103
707         73                0             115     718       3.302996
708         73                0             131      28       5.072389
709         73                2             133     122       5.349996
710         74                0              70      61       3.241163
711         74                0              74      69       6.235755
712         74                0              76     760       2.993453
713         74                0              77     198       4.076965
714         74                0              80     149       4.863890
715         74                0              82     152       5.916553
716         74                0              88     505       2.237885
717         74                0              96      21       5.607119
718         74                0              97     170       4.583075
719         74                0              99      29       5.851819
720         74                0             112     214       3.859125
721         74                0             115     261       3.895354
722         74                0             131      20       5.032825
723         74                2             133     122       5.773344
724         75                0              63      53       1.560646
725         75                0              70     153       2.860813
726         75                0              76     322       3.428277
727         75                0              77     162       4.223273
728         75                0              80     109       5.284832
729         75                0              82      14       6.526616
730         75                0              88    1188       1.646690
731         75                0              96       1       5.977717
732         75                0              97     128       4.986546
733         75                0             112     178       4.043427
734         75                0             115     169       4.496730
735         75                0             131       7       5.161003
736         75                2             133      85       6.297271
737         76                0              63     887       0.818920
738         76                0              70     121       2.735128
739         76                0              76      60       4.020086
740         76                0              77      84       4.593547
741         76                0              80      80       5.781796
742         76                0              88     647       1.554233
743         76                0              97      43       5.458460
744         76                0             112     126       4.411456
745         76                0             115     125       5.084245
746         76                2             133       7       6.799389
747         77                0              63     452       0.707707
748         77                0              70      48       2.906812
749         77                0              76      11       4.625259
750         77                0              77      35       5.033424
751         77                0              80      10       6.311639
752         77                0              88      19       3.134854
753         77                0             112       4       4.869783
754         77                0             115       9       5.679023
755         78                0              42     135       2.506089
756         78                0              44      79       1.155601
757         78                0              45      89       2.534756
758         78                0              74      49       6.111376
759         78                0              75     116       4.708043
760         78                0              82      12       6.181818
761         78                0             113     103       4.557577
762         78                0             117      22       1.469234
763         78                2             134      36       4.229492
764         79                0              42     248       2.173644
765         79                0              44     220       1.181783
766         79                0              45     216       2.225398
767         79                0              73      41       4.856388
768         79                0              74      91       5.536346
769         79                0              75     151       4.168119
770         79                0              82      28       5.597217
771         79                0             113     166       4.007656
772         79                0             117     219       1.000348
773         79                2             133      35       6.595757
774         79                2             134      44       3.858439
775         80                0              42     339       2.386198
776         80                0              44       5       1.916544
777         80                0              45     322       2.425680
778         80                0              73     113       4.576444
779         80                0              74     111       4.977604
780         80                0              75     231       3.698883
781         80                0              80       6       6.678151
782         80                0              82      68       5.014490
783         80                0              99      70       5.444809
784         80                0             113     296       3.512052
785         80                0             117     120       1.369395
786         80                0             120       1       3.732935
787         80                0             130      50       5.404206
788         80                2             133     124       6.031598
789         80                2             134     116       3.825398
790         81                0              42     233       2.879233
791         81                0              45     214       2.904721
792         81                0              73     153       4.444414
793         81                0              74     161       4.456229
794         81                0              75     399       3.488027
795         81                0              80     117       6.016501
796         81                0              82     139       4.456201
797         81                0              99     154       5.121431
798         81                0             113     482       3.198535
799         81                0             115      96       5.587101
800         81                0             130     119       5.065557
801         81                2             133     157       5.487627
802         81                2             134     178       4.053636
803         82                0              42      52       3.530796
804         82                0              45      35       3.560683
805         82                0              73     179       4.490155
806         82                0              74     304       4.052351
807         82                0              75     346       3.745730
808         82                0              80     186       5.441990
809         82                0              82     300       4.029847
810         82                0              96      57       5.681939
811         82                0              97      36       5.720376
812         82                0              99     153       4.922067
813         82                0             113     449       3.320129
814         82                0             115     204       5.017529
815         82                0             130     144       4.866136
816         82                2             133     200       4.938560
817         82                2             134     123       4.399600
818         83                0              73     144       4.703649
819         83                0              74     426       4.018387
820         83                0              75     238       4.229358
821         83                0              76      78       5.344547
822         83                0              77     102       5.317382
823         83                0              80     236       4.884687
824         83                0              82     448       3.966770
825         83                0              83       2       6.619939
826         83                0              96     154       5.287908
827         83                0              97     138       5.329366
828         83                0              99     155       4.890164
829         83                0             113     346       3.755494
830         83                0             115     271       4.460327
831         83                0             130     165       4.833975
832         83                2             133     263       4.493714
833         83                2             134      31       4.973951
834         84                0              73      49       5.051291
835         84                0              74     317       4.392232
836         84                0              75     147       4.778699
837         84                0              76     161       4.781235
838         84                0              77     147       4.747707
839         84                0              80     324       4.365797
840         84                0              82     301       4.339312
841         84                0              96     183       4.992629
842         84                0              97     158       5.039281
843         84                0              99     160       5.031864
844         84                0             112      44       5.062183
845         84                0             113     252       4.286448
846         84                0             115     401       3.953622
847         84                0             130     175       4.981931
848         84                0             131      48       5.040964
849         84                2             133     351       4.390848
850         85                0              74     209       4.906207
851         85                0              75      86       5.343802
852         85                0              76     233       4.240189
853         85                0              77     245       4.200371
854         85                0              80     391       3.989626
855         85                0              82     218       4.857306
856         85                0              96     191       4.842599
857         85                0              97     171       4.887715
858         85                0              99     142       5.317626
859         85                0             112     120       4.712439
860         85                0             113      99       4.849933
861         85                0             115     523       3.603709
862         85                0             130     163       5.271809
863         85                0             131     120       4.695323
864         85                2             133     280       4.502917
865         86                0              70      14       3.593747
866         86                0              74     176       5.462164
867         86                0              76     345       3.769917
868         86                0              77     345       3.717990
869         86                0              80     263       4.035396
870         86                0              82     151       5.416018
871         86                0              88      67       3.058204
872         86                0              96     136       4.866916
873         86                0              97     162       4.909227
874         86                0              99      51       5.701977
875         86                0             112     203       4.498710
876         86                0             115     359       3.680366
877         86                0             130      46       5.667680
878         86                0             131     190       4.480739
879         86                2             133     200       4.907221
880         87                0              70     227       2.855065
881         87                0              74      97       6.034495
882         87                0              76     371       3.534369
883         87                0              77     433       3.482147
884         87                0              80     174       4.453367
885         87                0              82     106       5.992814
886         87                0              88     303       2.436905
887         87                0              96     124       5.060305
888         87                0              97     127       5.097669
889         87                0             112     170       4.452169
890         87                0             115     220       4.094606
891         87                0             131     154       4.433283
892         87                2             133     132       5.459127
893         88                0              70     337       2.367028
894         88                0              74       3       6.687954
895         88                0              76     234       3.744460
896         88                0              77     255       3.731676
897         88                0              80     113       4.983739
898         88                0              82      12       6.618040
899         88                0              88     434       2.013760
900         88                0              96      60       5.391636
901         88                0              97      71       5.417081
902         88                0             112     101       4.583268
903         88                0             115     149       4.623786
904         88                0             131     116       4.565187
905         88                2             133     107       6.023877
906         89                0              63     178       1.146609
907         89                0              64     203       1.156618
908         89                0              70     230       2.141473
909         89                0              76     109       4.205285
910         89                0              77     146       4.217297
911         89                0              80     108       5.543863
912         89                0              88     223       1.949068
913         89                0              96       1       5.821236
914         89                0             112      38       4.866025
915         89                0             115     119       5.184426
916         89                0             131      30       4.847990
917         89                2             133      47       6.592678
918         90                0              63      68       1.085766
919         90                0              64      70       1.094781
920         90                0              70     112       2.437958
921         90                0              76      46       4.744404
922         90                0              77     109       4.764949
923         90                0              80      37       6.117624
924         90                0              88     134       2.348479
925         90                0             115       4       5.781577
926         91                0              42      66       2.956043
927         91                0              44     387       0.793970
928         91                0              45      35       2.310853
929         91                0              73       6       4.869957
930         91                0              74      17       6.084095
931         91                0              75       5       4.750823
932         91                0              82       5       6.348796
933         91                0             113      28       4.827994
934         92                0              42     114       2.765608
935         92                0              44     914       0.850166
936         92                0              45     729       1.712266
937         92                0              73     132       4.414199
938         92                0              74      85       5.436351
939         92                0              75      49       4.167121
940         92                0              82      66       5.784556
941         92                0             113     158       4.353654
942         92                0             118       9       2.683834
943         92                0             130      49       5.456143
944         92                2             133      84       6.540781
945         92                2             134      29       4.449565
946         93                0              42     162       2.879499
947         93                0              44     103       1.541148
948         93                0              45     665       2.152417
949         93                0              73     164       4.038700
950         93                0              74     120       4.842501
951         93                0              75     349       3.402373
952         93                0              80      25       6.555559
953         93                0              81      14       5.519101
954         93                0              82      97       5.287545
955         93                0              83       8       6.352766
956         93                0             113     171       3.979764
957         93                0             118      55       2.710439
958         93                0             130     112       4.971457
959         93                2             133     111       5.942923
960         93                2             134      56       4.421988
961         94                0              42     106       3.234269
962         94                0              45     302       2.746932
963         94                0              73     244       3.851093
964         94                0              74     188       4.247344
965         94                0              75     700       2.981882
966         94                0              80     125       5.940634
967         94                0              81      27       5.456544
968         94                0              82     125       4.860272
969         94                0              83      57       6.090630
970         94                0              96      29       5.845362
971         94                0              99      25       5.665356
972         94                0             113     258       3.786869
973         94                0             115      42       5.799931
974         94                0             118      57       3.010079
975         94                0             130     154       4.559352
976         94                2             133     166       5.339016
977         94                2             134      48       4.593965
978         95                0              45      82       3.386288
979         95                0              73     259       3.917252
980         95                0              74     403       3.659850
981         95                0              75     561       3.474228
982         95                0              77       3       5.928685
983         95                0              78       1       6.820261
984         95                0              80     153       5.344647
985         95                0              81      23       5.535147
986         95                0              82     199       4.577394
987         95                0              83      80       5.949250
988         95                0              96     153       5.310670
989         95                0              99      73       5.506118
990         95                0             113     274       3.856580
991         95                0             115     171       5.269433
992         95                0             130     193       4.288233
993         95                2             133     230       4.750850
994         95                2             134      12       4.981719
995         96                0              73     250       4.205261
996         96                0              74    1224       3.580797
997         96                0              75     315       4.067075
998         96                0              76      26       5.574217
999         96                0              77     126       5.237632
1000        96                0              78      35       6.295678
1001        96                0              80     233       4.749746
1002        96                0              81       3       5.843338
1003        96                0              82     247       4.541627
1004        96                0              83      85       5.934205
1005        96                0              96     206       4.840645
1006        96                0              97      13       5.861203
1007        96                0              99      90       5.483508
1008        96                0             113     272       4.155661
1009        96                0             115     235       4.792791
1010        96                0             130     286       4.243605
1011        96                0             131      37       5.120572
1012        96                2             133     483       4.153671
1013        97                0              73     186       4.625497
1014        97                0              74     375       4.169762
1015        97                0              75     187       4.662693
1016        97                0              76     135       5.062021
1017        97                0              77     191       4.640598
1018        97                0              78      75       6.056554
1019        97                0              80     417       4.154888
1020        97                0              82     218       4.775519
1021        97                0              83      94       6.056552
1022        97                0              96     266       4.461864
1023        97                0              97      41       5.599017
1024        97                0              99      62       5.593852
1025        97                0             113     178       4.585239
1026        97                0             115     298       4.402452
1027        97                0             130     244       4.446835
1028        97                0             131     165       4.617296
1029        97                2             133    1459       3.837724
1030        98                0              73      28       5.143133
1031        98                0              74     243       4.764354
1032        98                0              75      90       5.257510
1033        98                0              76     163       4.612544
1034        98                0              77     322       4.045506
1035        98                0              78     107       5.937513
1036        98                0              79       3       5.785348
1037        98                0              80    1176       3.562495
1038        98                0              82     175       5.178954
1039        98                0              83      40       6.291481
1040        98                0              96     244       4.251160
1041        98                0              97      80       5.480121
1042        98                0              99      28       5.842428
1043        98                0             112       3       5.343688
1044        98                0             113      49       5.088429
1045        98                0             115     250       4.183806
1046        98                0             130     220       4.821410
1047        98                0             131     215       4.196494
1048        98                2             133     481       4.151195
1049        99                0              70      47       3.383319
1050        99                0              74     146       5.357966
1051        99                0              76     195       4.267998
1052        99                0              77     624       3.451524
1053        99                0              78      90       5.949899
1054        99                0              79      22       5.534111
1055        99                0              80     419       3.668196
1056        99                0              82     145       5.662757
1057        99                0              83       1       6.768913
1058        99                0              96     193       4.290009
1059        99                0              97      61       5.497032
1060        99                0             112      13       5.094290
1061        99                0             115     268       4.224602
1062        99                0             130     154       5.287285
1063        99                0             131     275       3.907248
1064        99                2             133     239       4.755560
1065       100                0              70     335       2.704411
1066       100                0              72      65       2.937125
1067       100                0              74     136       5.952803
1068       100                0              76     192       4.128451
1069       100                0              77     740       2.996791
1070       100                0              78      71       6.091851
1071       100                0              79      45       5.466949
1072       100                0              80     197       4.260721
1073       100                0              82      73       6.188368
1074       100                0              88      79       2.869287
1075       100                0              96     145       4.552987
1076       100                0              97      29       5.645357
1077       100                0             112      17       5.052819
1078       100                0             115     159       4.505654
1079       100                0             130      26       5.812237
1080       100                0             131     228       3.839919
1081       100                2             133     151       5.340972
1082       101                0              64      72       1.583766
1083       101                0              70     605       2.110353
1084       101                0              72      71       2.627547
1085       101                0              74      10       6.582341
1086       101                0              76     160       4.253620
1087       101                0              77     295       3.469884
1088       101                0              78      17       6.353480
1089       101                0              79      17       5.533948
1090       101                0              80     110       4.854462
1091       101                0              88     143       2.563298
1092       101                0              96     124       4.961565
1093       101                0             112       8       5.179533
1094       101                0             115     143       4.926945
1095       101                0             131     185       4.024996
1096       101                2             133     124       5.939476
1097       102                0              64     905       0.839646
1098       102                0              70     843       1.625419
1099       102                0              72      12       2.581221
1100       102                0              76     108       4.585643
1101       102                0              77      28       4.223493
1102       102                0              80      95       5.449470
1103       102                0              88      74       2.519369
1104       102                0              96      36       5.447531
1105       102                0             115      75       5.420835
1106       102                0             131     112       4.401139
1107       102                2             133      67       6.544102
1108       103                0              64     440       0.715288
1109       103                0              70      42       2.207988
1110       103                0              76      41       5.031632
1111       103                0              80      22       6.089068
1112       103                0              88      24       2.849423
1113       103                0             131       2       4.974597
1114       104                0              44     105       1.092685
1115       104                0              45      83       2.475705
1116       104                0              73       3       4.800892
1117       104                0              74      44       6.078182
1118       104                0              75      70       4.667246
1119       104                0             118       8       2.494207
1120       104                0             119      24       1.514990
1121       105                0              42      13       3.416701
1122       105                0              44     225       1.123901
1123       105                0              45     207       2.110624
1124       105                0              73      11       4.331501
1125       105                0              74      90       5.496320
1126       105                0              75     109       4.107907
1127       105                0              81      15       5.277120
1128       105                0              82      39       6.122781
1129       105                0              83      19       6.253415
1130       105                0             113      64       4.803411
1131       105                0             118      59       2.113183
1132       105                0             119      68       1.141713
1133       105                0             130      19       5.400788
1134       105                2             133      56       6.566537
1135       106                0              42      14       3.529422
1136       106                0              44      15       1.807318
1137       106                0              45     396       2.344392
1138       106                0              73     191       3.576606
1139       106                0              74      88       4.924535
1140       106                0              75     235       3.603013
1141       106                0              80       8       6.622566
1142       106                0              81     105       4.933968
1143       106                0              82      88       5.703941
1144       106                0              83      77       5.855312
1145       106                0             113     158       4.516258
1146       106                0             118     295       2.147840
1147       106                0             119      92       1.499646
1148       106                0             130     138       4.653815
1149       106                2             133     124       5.946586
1150       107                0              45     258       2.854722
1151       107                0              73     365       3.263720
1152       107                0              74     183       4.378202
1153       107                0              75     289       3.369242
1154       107                0              78       2       6.727997
1155       107                0              80     145       5.994677
1156       107                0              81     137       4.857130
1157       107                0              82     102       5.358450
1158       107                0              83     101       5.540284
1159       107                0              96      85       5.607224
1160       107                0             113     172       4.379757
1161       107                0             118     287       2.533028
1162       107                0             130     208       4.134993
1163       107                2             133     158       5.366670
1164       108                0              45      58       3.505640
1165       108                0              73     457       3.375004
1166       108                0              74     280       3.921970
1167       108                0              75     387       3.656811
1168       108                0              78      72       6.176799
1169       108                0              80     184       5.415051
1170       108                0              81     136       4.955494
1171       108                0              82     157       5.154481
1172       108                0              83     112       5.358783
1173       108                0              96     222       5.039333
1174       108                0             113     197       4.426418
1175       108                0             115      86       5.632945
1176       108                0             118      86       3.117444
1177       108                0             130     304       3.735900
1178       108                2             133     228       4.770176
1179       109                0              73     360       3.791838
1180       109                0              74     517       3.881128
1181       109                0              75     244       4.172653
1182       109                0              77     110       5.299753
1183       109                0              78     113       5.788799
1184       109                0              80     203       4.847950
1185       109                0              81     118       5.202322
1186       109                0              82     151       5.130195
1187       109                0              83     137       5.341832
1188       109                0              96     267       4.495353
1189       109                0             113     145       4.647116
1190       109                0             115     174       5.233711
1191       109                0             130     507       3.658814
1192       109                0             131     109       4.864443
1193       109                2             133     440       4.160254
1194       110                0              73     266       4.312150
1195       110                0              74     346       4.307891
1196       110                0              75     171       4.734350
1197       110                0              76      67       5.452753
1198       110                0              77     157       4.725257
1199       110                0              78     150       5.498933
1200       110                0              79      29       5.552842
1201       110                0              80     309       4.311296
1202       110                0              81      34       5.560612
1203       110                0              82     147       5.294940
1204       110                0              83     136       5.495131
1205       110                0              96     374       3.999478
1206       110                0             113      58       4.996529
1207       110                0             115     170       4.932647
1208       110                0             130     399       3.979539
1209       110                0             131     244       4.304702
1210       110                2             133     870       3.909481
1211       111                0              73     102       4.868933
1212       111                0              74     223       4.850437
1213       111                0              75      88       5.317700
1214       111                0              76     148       5.079722
1215       111                0              77     251       4.167405
1216       111                0              78     121       5.344376
1217       111                0              79     100       5.201309
1218       111                0              80     511       3.900657
1219       111                0              82     113       5.608911
1220       111                0              83     133       5.786152
1221       111                0              96     474       3.669490
1222       111                0             115     174       4.773405
1223       111                0             130     278       4.469465
1224       111                0             131     317       3.783870
1225       111                2             133     472       4.169924
1226       112                0              70      32       3.521186
1227       112                0              72      52       3.097505
1228       112                0              74     165       5.421867
1229       112                0              76     155       4.823092
1230       112                0              77     406       3.664932
1231       112                0              78     125       5.361505
1232       112                0              79     134       4.957044
1233       112                0              80     252       3.953717
1234       112                0              82     111       6.017989
1235       112                0              83      67       6.174221
1236       112                0              96     362       3.729771
1237       112                0             115     159       4.801659
1238       112                0             130     224       5.014173
1239       112                0             131     468       3.366425
1240       112                2             132      28       4.893445
1241       112                2             133     242       4.757300
1242       113                0              70     220       2.817099
1243       113                0              72     265       2.472302
1244       113                0              74     114       6.003407
1245       113                0              76     133       4.722602
1246       113                0              77     305       3.424293
1247       113                0              78      89       5.542861
1248       113                0              79     135       4.870091
1249       113                0              80     173       4.403461
1250       113                0              82      17       6.500055
1251       113                0              83       1       6.777298
1252       113                0              96     207       4.123966
1253       113                0             115     147       5.013233
1254       113                0             130     101       5.580694
1255       113                0             131     320       3.254419
1256       113                2             132      60       4.469070
1257       113                2             133     188       5.346600
1258       114                0              70     332       2.305073
1259       114                0              72     347       2.067768
1260       114                0              74       8       6.663833
1261       114                0              76     138       4.811209
1262       114                0              77     202       3.680604
1263       114                0              78     112       5.855339
1264       114                0              79     104       4.955559
1265       114                0              80     146       4.946379
1266       114                0              88       1       3.489528
1267       114                0              92      35       1.489601
1268       114                0              96     126       4.635074
1269       114                0             115      86       5.346938
1270       114                0             131     174       3.562251
1271       114                2             132      82       4.263955
1272       114                2             133     117       5.945927
1273       115                0              64     207       1.102224
1274       115                0              70     219       2.051281
1275       115                0              72      78       2.006096
1276       115                0              76      85       5.059973
1277       115                0              77      79       4.186460
1278       115                0              78      11       6.253109
1279       115                0              79      24       5.255156
1280       115                0              80      88       5.518498
1281       115                0              92      77       0.999733
1282       115                0              96      26       5.408187
1283       115                0             115       6       5.770444
1284       115                0             131      18       4.340728
1285       115                2             133      51       6.569523
1286       116                0              64      92       1.035275
1287       116                0              70      79       2.390561
1288       116                0              72      31       2.393510
1289       116                0              76       6       5.478062
1290       116                0              77      82       4.743101
1291       116                0              80      39       6.097531
1292       116                0              92      14       1.493059
1293       116                0             131       4       4.803171
1294       116                2             132       1       4.604937
1295       117                0              40      21       3.165907
1296       117                0              45      25       2.900199
1297       117                0              74       1       6.249228
1298       117                0              81      27       5.109581
1299       117                0             118     134       2.274523
1300       117                0             119     192       0.999871
1301       118                0              40      18       3.021825
1302       118                0              45      19       2.834102
1303       118                0              74      57       5.776442
1304       118                0              75      14       4.447609
1305       118                0              83      60       5.895449
1306       118                0             118     501       1.673242
1307       118                0             119    1453       0.600087
1308       118                0             130      73       5.144804
1309       118                2             133      35       6.716937
1310       119                0              40      97       3.101472
1311       119                0              45      77       2.822531
1312       119                0              73     311       3.267961
1313       119                0              74     121       5.199967
1314       119                0              75     146       4.084608
1315       119                0              81     154       4.368478
1316       119                0              82      39       6.181351
1317       119                0              83      93       5.412716
1318       119                0             113      14       5.102679
1319       119                0             118    1210       1.710155
1320       119                0             119     492       1.134802
1321       119                0             130     132       4.507518
1322       119                2             133      95       6.141497
1323       120                0              40      34       3.474418
1324       120                0              45      89       3.187463
1325       120                0              73     812       2.730945
1326       120                0              74      81       4.768855
1327       120                0              75     150       3.965586
1328       120                0              78      47       6.301373
1329       120                0              80      77       6.175285
1330       120                0              81     163       4.262897
1331       120                0              82      88       5.899224
1332       120                0              83     130       5.022738
1333       120                0              96     106       5.509799
1334       120                0              98       9       5.782689
1335       120                0             113      36       4.973452
1336       120                0             118     546       2.284471
1337       120                0             129       6       5.290388
1338       120                0             130     219       3.902528
1339       120                2             133     124       5.519829
1340       121                0              73    1196       2.986669
1341       121                0              74     118       4.472506
1342       121                0              75     217       4.116298
1343       121                0              78     129       5.794227
1344       121                0              80     137       5.643265
1345       121                0              81     185       4.395617
1346       121                0              82     108       5.740085
1347       121                0              83     183       4.775597
1348       121                0              96     223       4.916163
1349       121                0              98      32       5.609405
1350       121                0             113      40       5.009651
1351       121                0             118     162       2.882606
1352       121                0             129       3       5.310424
1353       121                0             130     705       3.320355
1354       121                2             133     129       5.083165
1355       122                0              73     453       3.570952
1356       122                0              74     251       4.443324
1357       122                0              75     200       4.494526
1358       122                0              77      56       5.497444
1359       122                0              78     146       5.335147
1360       122                0              79      29       5.646242
1361       122                0              80     170       5.141758
1362       122                0              81     165       4.722293
1363       122                0              82     115       5.720958
1364       122                0              83     208       4.752482
1365       122                0              96     354       4.321729
1366       122                0              98      60       5.588201
1367       122                0             113       7       5.219913
1368       122                0             115      35       5.734414
1369       122                0             128      10       5.983027
1370       122                0             130    1047       3.143928
1371       122                0             131     131       4.749287
1372       122                2             133     189       4.596551
1373       123                0              73     265       4.163517
1374       123                0              74     218       4.707740
1375       123                0              75     157       4.975192
1376       123                0              77     148       4.978046
1377       123                0              78     174       4.965962
1378       123                0              79     128       5.144192
1379       123                0              80     210       4.723091
1380       123                0              81     116       5.160138
1381       123                0              82     104       5.849897
1382       123                0              83     201       4.962316
1383       123                0              96     567       3.731945
1384       123                0              98      40       5.695210
1385       123                0             115     102       5.485873
1386       123                0             128      47       5.707017
1387       123                0             130     630       3.705393
1388       123                0             131     257       4.155809
1389       123                2             133     306       4.509674
1390       124                0              73     151       4.756444
1391       124                0              74     190       5.136586
1392       124                0              75      59       5.502182
1393       124                0              76      23       5.613472
1394       124                0              77     185       4.506810
1395       124                0              78     186       4.755337
1396       124                0              79     163       4.712605
1397       124                0              80     244       4.468512
1398       124                0              81      18       5.683335
1399       124                0              82      86       6.098930
1400       124                0              83     149       5.331444
1401       124                0              96    1089       3.164192
1402       124                0              98       4       6.021670
1403       124                0             115     111       5.365227
1404       124                0             128      63       5.589892
1405       124                0             130     366       4.295201
1406       124                0             131     449       3.563485
1407       124                2             132      52       4.869196
1408       124                2             133     194       4.622260
1409       125                0              72     144       2.878562
1410       125                0              73       1       5.482881
1411       125                0              74     153       5.637857
1412       125                0              76      39       5.393258
1413       125                0              77     208       4.144778
1414       125                0              78     135       4.777531
1415       125                0              79     172       4.397007
1416       125                0              80     125       4.500145
1417       125                0              82      21       6.472296
1418       125                0              83     119       5.791016
1419       125                0              96     700       3.306017
1420       125                0             114       4       5.278790
1421       125                0             115     107       5.386982
1422       125                0             128      41       5.611343
1423       125                0             130     211       4.889744
1424       125                0             131    1237       2.979297
1425       125                2             132     146       4.347199
1426       125                2             133     127       5.107565
1427       126                0              68      15       3.496529
1428       126                0              70      78       3.156601
1429       126                0              72     494       2.244546
1430       126                0              74      88       6.175588
1431       126                0              76      67       5.323056
1432       126                0              77     149       4.028762
1433       126                0              78     134       5.022309
1434       126                0              79     179       4.274153
1435       126                0              80      98       4.789516
1436       126                0              83      52       6.298961
1437       126                0              96     209       3.892518
1438       126                0             114       5       5.241755
1439       126                0             115      66       5.548231
1440       126                0             128      10       5.776869
1441       126                0             130     121       5.483076
1442       126                0             131     804       2.719846
1443       126                2             132     176       3.938727
1444       126                2             133     128       5.633726
1445       127                0              68      87       3.041909
1446       127                0              70      61       2.785690
1447       127                0              72    1073       1.661680
1448       127                0              76      38       5.386067
1449       127                0              77     140       4.155145
1450       127                0              78      94       5.411999
1451       127                0              79     140       4.394865
1452       127                0              80     107       5.226412
1453       127                0              92     376       1.035097
1454       127                0              96     132       4.489448
1455       127                0             115       9       5.834181
1456       127                0             131     316       3.255391
1457       127                2             132     174       3.695908
1458       127                2             133      78       6.135478
1459       128                0              68      15       2.951048
1460       128                0              70      35       2.675966
1461       128                0              72     619       1.571066
1462       128                0              76       8       5.615407
1463       128                0              77       7       4.538737
1464       128                0              78      46       5.953465
1465       128                0              80      32       5.843119
1466       128                0              92    1653       0.471227
1467       128                0              96      49       5.186232
1468       128                2             132      28       3.748033
1469       128                2             133      40       6.688457
1470       129                0              68      21       3.134583
1471       129                0              70      28       2.825559
1472       129                0              72     127       2.151854
1473       129                0              77       6       5.013069
1474       129                0              79      29       5.135923
1475       129                0              92     150       1.395786
1476       129                2             132      19       4.200850
1477       130                0              40     114       2.670735
1478       130                0              43      10       1.472858
1479       130                0              73       8       4.606818
1480       130                0              75       2       5.328675
1481       130                0              81     112       4.777880
1482       130                0              83      35       6.167996
1483       130                0             118      76       2.320385
1484       130                0             119      60       1.241243
1485       131                0              40     184       2.415349
1486       131                0              43      81       1.416651
1487       131                0              73      72       3.979812
1488       131                0              74      44       6.033744
1489       131                0              75      16       5.070719
1490       131                0              81     135       4.263552
1491       131                0              83      98       5.605035
1492       131                0             118     352       1.822178
1493       131                0             119     569       0.850629
1494       131                0             129      22       4.987574
1495       131                0             130     103       5.133475
1496       132                0              40     266       2.573806
1497       132                0              45      11       3.556805
1498       132                0              73     286       3.386807
1499       132                0              74      55       5.599995
1500       132                0              75     105       4.634416
1501       132                0              81     225       3.841914
1502       132                0              83     142       5.065582
1503       132                0              98      39       5.520064
1504       132                0             118     721       1.864974
1505       132                0             119     279       1.256887
1506       132                0             129      54       4.723957
1507       132                0             130     158       4.553639
1508       132                2             133      60       6.358992
1509       133                0              40     184       3.001451
1510       133                0              73     706       3.001184
1511       133                0              74      49       5.261253
1512       133                0              75     122       4.554400
1513       133                0              78     100       6.069352
1514       133                0              80      19       6.472753
1515       133                0              81     327       3.666440
1516       133                0              82       1       6.577731
1517       133                0              83     157       4.571304
1518       133                0              96     117       5.547149
1519       133                0              98     129       5.209002
1520       133                0             118     424       2.359087
1521       133                0             129     136       4.600354
1522       133                0             130     212       3.995842
1523       133                2             133      81       5.973358
1524       134                0              40      20       3.694014
1525       134                0              73     692       3.160172
1526       134                0              74      85       5.074684
1527       134                0              75     128       4.658003
1528       134                0              78     153       5.508079
1529       134                0              80     117       5.979450
1530       134                0              81     283       3.881137
1531       134                0              82      22       6.332839
1532       134                0              83     291       4.212091
1533       134                0              96     226       4.962947
1534       134                0              98     145       5.022646
1535       134                0             118     146       2.944523
1536       134                0             128      25       5.804755
1537       134                0             129     142       4.643093
1538       134                0             130     433       3.510437
1539       134                2             133     102       5.452116
1540       135                0              73     422       3.658485
1541       135                0              74     140       5.027732
1542       135                0              75     135       4.941069
1543       135                0              77       3       5.927675
1544       135                0              78     218       4.972189
1545       135                0              79      71       5.384551
1546       135                0              80     145       5.558168
1547       135                0              81     231       4.323496
1548       135                0              82      28       6.320971
1549       135                0              83     311       4.172047
1550       135                0              96     312       4.389528
1551       135                0              98     149       4.995148
1552       135                0             128     114       5.417528
1553       135                0             129     119       4.843474
1554       135                0             130     885       3.402465
1555       135                0             131     133       4.794533
1556       135                2             133     145       5.150356
1557       136                0              73     264       4.220504
1558       136                0              74     165       5.213161
1559       136                0              75      51       5.336291
1560       136                0              77      64       5.348957
1561       136                0              78     287       4.493670
1562       136                0              79     160       4.828745
1563       136                0              80     154       5.231075
1564       136                0              81     164       4.842160
1565       136                0              82      18       6.428479
1566       136                0              83     276       4.489798
1567       136                0              96     474       3.842263
1568       136                0              98     175       5.131677
1569       136                0             114      20       5.192070
1570       136                0             128     185       5.139814
1571       136                0             129      19       5.205787
1572       136                0             130     479       3.817317
1573       136                0             131     250       4.214264
1574       136                2             132       5       5.226130
1575       136                2             133     161       5.100185
1576       137                0              73     136       4.799093
1577       137                0              74     138       5.546007
1578       137                0              77     147       4.964363
1579       137                0              78     360       4.174527
1580       137                0              79     226       4.309692
1581       137                0              80     161       5.054110
1582       137                0              81      85       5.396508
1583       137                0              83     189       4.968299
1584       137                0              96    1009       3.418097
1585       137                0              98     132       5.404957
1586       137                0             114      89       4.832429
1587       137                0             115       4       6.023219
1588       137                0             128     168       4.995777
1589       137                0             130     289       4.362821
1590       137                0             131     403       3.652073
1591       137                2             132     138       4.604556
1592       137                2             133     135       5.208384
1593       138                0              68       5       3.745948
1594       138                0              72     109       2.942536
1595       138                0              74      98       5.973615
1596       138                0              77     168       4.694396
1597       138                0              78     240       4.212387
1598       138                0              79     273       3.877274
1599       138                0              80      84       5.097367
1600       138                0              83     141       5.503352
1601       138                0              96     420       3.504830
1602       138                0              98      24       5.792798
1603       138                0             114     114       4.630203
1604       138                0             115       4       6.098164
1605       138                0             128     135       5.023799
1606       138                0             130     192       4.937174
1607       138                0             131     690       3.153732
1608       138                2             132     251       4.046206
1609       138                2             133     101       5.439411
1610       139                0              68     155       2.955784
1611       139                0              72     437       2.335497
1612       139                0              74      25       6.466797
1613       139                0              77     108       4.620479
1614       139                0              78     163       4.572265
1615       139                0              79     328       3.679016
1616       139                0              80      69       5.287397
1617       139                0              83     103       6.063640
1618       139                0              96     238       3.984212
1619       139                0             114     136       4.587463
1620       139                0             128     102       5.207529
1621       139                0             130     136       5.520275
1622       139                0             131     669       2.991701
1623       139                2             132     323       3.504075
1624       139                2             133      92       5.929687
1625       140                0              68     268       2.519236
1626       140                0              72     586       1.846249
1627       140                0              77     101       4.701058
1628       140                0              78     130       5.066915
1629       140                0              79     199       3.870510
1630       140                0              80      65       5.630374
1631       140                0              83       1       6.725637
1632       140                0              92     192       1.186966
1633       140                0              96     137       4.540006
1634       140                0             114      80       4.710461
1635       140                0             128      52       5.512010
1636       140                0             131     308       3.379336
1637       140                2             132     276       3.102858
1638       140                2             133      59       6.366775
1639       141                0              65      39       1.397422
1640       141                0              68     181       2.340993
1641       141                0              72     331       1.766970
1642       141                0              77      46       5.008173
1643       141                0              78      83       5.606652
1644       141                0              79     134       4.301526
1645       141                0              80      40       6.062027
1646       141                0              92     448       0.740623
1647       141                0              96      98       5.116771
1648       141                0             114      14       4.982689
1649       141                0             131      68       3.943716
1650       141                2             132      92       3.220932
1651       142                0              65      10       1.450007
1652       142                0              68     108       2.581372
1653       142                0              72      79       2.243523
1654       142                0              78      34       6.170789
1655       142                0              79     113       4.819347
1656       142                0              92      35       1.172721
1657       142                0              96       2       5.750446
1658       142                0             131      14       4.619696
1659       142                2             132       3       4.340010
1660       143                0              40       5       2.399685
1661       143                0              43     344       0.864382
1662       143                0              73      69       4.716019
1663       143                0              83      34       6.063325
1664       143                0             118      61       2.666631
1665       143                0             129       1       4.955397
1666       144                0              40     571       1.831907
1667       144                0              43     680       0.911640
1668       144                0              73     151       4.218826
1669       144                0              75      12       5.417346
1670       144                0              81      76       4.082060
1671       144                0              83      91       5.468350
1672       144                0              98      31       5.540381
1673       144                0             118     119       2.363159
1674       144                0             119      27       1.530393
1675       144                0             127      13       2.844253
1676       144                0             129     122       4.517548
1677       144                0             130      77       5.329081
1678       145                0              40     582       2.192454
1679       145                0              43      87       1.583833
1680       145                0              73     200       3.808074
1681       145                0              74      24       6.096962
1682       145                0              75      82       5.209636
1683       145                0              78      17       6.573174
1684       145                0              81     297       3.448773
1685       145                0              83     124       4.872261
1686       145                0              98     122       5.074728
1687       145                0             118     225       2.383949
1688       145                0             119       1       2.071681
1689       145                0             127      41       2.833048
1690       145                0             129     181       4.178549
1691       145                0             130     138       4.812356
1692       145                2             133       6       6.772494
1693       146                0              40     285       2.766868
1694       146                0              73     299       3.583335
1695       146                0              74      56       5.787840
1696       146                0              75      70       5.165624
1697       146                0              78     126       5.950576
1698       146                0              81    1009       3.073566
1699       146                0              83     178       4.288558
1700       146                0              96      69       5.712165
1701       146                0              98     153       4.689443
1702       146                0             118     200       2.706728
1703       146                0             127      39       3.150478
1704       146                0             128      22       5.946093
1705       146                0             129     203       4.008097
1706       146                0             130     189       4.356502
1707       146                2             133      74       6.328197
1708       147                0              40     100       3.400991
1709       147                0              73     338       3.663892
1710       147                0              74      62       5.679747
1711       147                0              75      75       5.225957
1712       147                0              78     161       5.358344
1713       147                0              79       1       5.975058
1714       147                0              80      24       6.402027
1715       147                0              81     508       3.514415
1716       147                0              83     448       3.735736
1717       147                0              96     183       5.172243
1718       147                0              98     190       4.445271
1719       147                0             118      28       3.323725
1720       147                0             128     129       5.401070
1721       147                0             129     238       4.068211
1722       147                0             130     260       4.033544
1723       147                2             133      92       5.959816
1724       148                0              73     317       4.002289
1725       148                0              74     118       5.618206
1726       148                0              75      59       5.450188
1727       148                0              78     239       4.768914
1728       148                0              79     121       5.251939
1729       148                0              80      91       6.044122
1730       148                0              81     254       4.089780
1731       148                0              83    1075       3.648321
1732       148                0              96     224       4.667916
1733       148                0              98     229       4.404238
1734       148                0             114      20       5.233884
1735       148                0             128     217       4.951888
1736       148                0             129     198       4.332712
1737       148                0             130     326       3.975186
1738       148                0             131      73       4.984890
1739       148                2             133     114       5.757992
1740       149                0              73     203       4.466720
1741       149                0              74     120       5.759547
1742       149                0              75       1       5.903418
1743       149                0              77       1       5.896420
1744       149                0              78     413       4.187478
1745       149                0              79     178       4.661806
1746       149                0              80     129       5.780757
1747       149                0              81     161       4.677032
1748       149                0              83     389       4.183424
1749       149                0              96     305       4.240970
1750       149                0              98     255       4.588776
1751       149                0             114     126       4.718208
1752       149                0             128     217       4.597313
1753       149                0             129     119       4.727821
1754       149                0             130     298       4.221533
1755       149                0             131     235       4.460664
1756       149                2             132      19       5.151045
1757       149                2             133     125       5.699940
1758       150                0              73      71       4.989051
1759       150                0              74      87       6.025342
1760       150                0              77      58       5.477015
1761       150                0              78    1071       3.651757
1762       150                0              79     307       4.073849
1763       150                0              80     122       5.644333
1764       150                0              81     122       5.269653
1765       150                0              83     222       4.764465
1766       150                0              96     327       3.986967
1767       150                0              98     202       4.937091
1768       150                0             114     211       4.318952
1769       150                0             128     239       4.404988
1770       150                0             129      18       5.256430
1771       150                0             130     245       4.644643
1772       150                0             131     276       3.995461
1773       150                2             132     225       4.518478
1774       150                2             133     117       5.749607
1775       151                0              68      29       3.410412
1776       151                0              72      10       3.461195
1777       151                0              74      36       6.391349
1778       151                0              77      98       5.264986
1779       151                0              78     422       3.736048
1780       151                0              79     594       3.500482
1781       151                0              80      64       5.708958
1782       151                0              83     173       5.354098
1783       151                0              96     261       4.030250
1784       151                0              98     122       5.380690
1785       151                0             114     231       4.053593
1786       151                0             128     169       4.439658
1787       151                0             130     177       5.149208
1788       151                0             131     334       3.656922
1789       151                2             132     297       3.920442
1790       151                2             133      95       5.917133
1791       152                0              68     273       2.728137
1792       152                0              72     167       2.686699
1793       152                0              77      76       5.210988
1794       152                0              78     188       4.289359
1795       152                0              79     961       3.083842
1796       152                0              80      50       5.820667
1797       152                0              83     118       5.945123
1798       152                0              94      23       3.170111
1799       152                0              96     205       4.344254
1800       152                0              98      11       5.921338
1801       152                0             114     179       3.994088
1802       152                0             128     150       4.683857
1803       152                0             130      71       5.687108
1804       152                0             131     259       3.574535
1805       152                2             132     559       3.326112
1806       152                2             133      74       6.310566
1807       153                0              65      31       1.634912
1808       153                0              68     559       2.150974
1809       153                0              72     228       2.360625
1810       153                0              77      46       5.277383
1811       153                0              78     127       4.873009
1812       153                0              79     272       3.489975
1813       153                0              80      26       6.132512
1814       153                0              83      21       6.572023
1815       153                0              94      34       2.783732
1816       153                0              96     130       4.800736
1817       153                0             114     138       4.164566
1818       153                0             128     116       5.063075
1819       153                0             131     216       3.798132
1820       153                2             132    1324       2.729603
1821       153                2             133       8       6.789207
1822       154                0              65     678       0.886186
1823       154                0              68     599       1.752238
1824       154                0              72     133       2.318701
1825       154                0              77      16       5.489673
1826       154                0              78     102       5.464887
1827       154                0              79      70       4.134043
1828       154                0              92       4       1.572989
1829       154                0              94       8       2.785666
1830       154                0              96      69       5.315895
1831       154                0             114     112       4.502957
1832       154                0             128      22       5.531353
1833       154                0             131     148       4.208406
1834       155                0              65     349       0.784686
1835       155                0              72      51       2.610582
1836       155                0              78      34       6.060649
1837       155                0              79       2       4.919533
1838       155                0             131      58       4.707943
1839       156                0              40       3       3.161591
1840       156                0              43     238       0.922631
1841       156                0              73       1       5.310881
1842       156                0              81       1       5.085293
1843       156                0              83      56       6.064859
1844       156                0             127      13       2.672274
1845       156                0             129       4       4.727241
1846       157                0              40     386       1.922742
1847       157                0              43     532       0.966552
1848       157                0              73     113       4.641986
1849       157                0              81     140       4.044710
1850       157                0              83      92       5.475668
1851       157                0              98     103       5.258446
1852       157                0             118      30       3.002714
1853       157                0             123       6       1.507008
1854       157                0             127      55       2.238403
1855       157                0             129      16       4.122617
1856       157                0             130      15       5.648735
1857       158                0              40     548       2.233473
1858       158                0              43      70       1.626702
1859       158                0              73     150       4.326018
1860       158                0              78      12       6.618658
1861       158                0              81     263       3.496184
1862       158                0              83     121       4.891819
1863       158                0              98     108       4.722446
1864       158                0             118      41       2.973404
1865       158                0             123      22       1.689491
1866       158                0             127     245       2.263631
1867       158                0             129     204       3.674505
1868       158                0             130     102       5.196148
1869       159                0              22      18       4.303316
1870       159                0              37      17       4.902878
1871       159                0              40     287       2.788656
1872       159                0              73     173       4.176235
1873       159                0              74       3       6.379744
1874       159                0              78     123       5.963479
1875       159                0              81     815       3.176293
1876       159                0              83     184       4.318751
1877       159                0              96       3       6.099009
1878       159                0              98     186       4.234951
1879       159                0             118      10       3.354701
1880       159                0             127     235       2.615548
1881       159                0             128      75       5.652740
1882       159                0             129     299       3.417914
1883       159                0             130     149       4.832917
1884       159                2             133       7       6.736404
1885       160                0              20       1       5.511496
1886       160                0              22      26       4.205102
1887       160                0              37     101       4.469394
1888       160                0              40      72       3.423866
1889       160                0              73     215       4.227674
1890       160                0              74      14       6.270833
1891       160                0              78     177       5.374337
1892       160                0              81     456       3.557091
1893       160                0              83     426       3.799855
1894       160                0              96      92       5.503471
1895       160                0              98     249       3.878337
1896       160                0             127      57       3.197518
1897       160                0             128     217       5.097707
1898       160                0             129     385       3.512650
1899       160                0             130     190       4.599703
1900       160                2             133      38       6.473598
1901       161                0              20      62       4.631203
1902       161                0              37     130       4.295585
1903       161                0              73     212       4.469891
1904       161                0              74      38       6.210312
1905       161                0              78     230       4.790920
1906       161                0              79      94       5.265851
1907       161                0              80       1       6.640946
1908       161                0              81     267       4.113398
1909       161                0              83     779       3.725503
1910       161                0              96     173       5.078800
1911       161                0              98     376       3.816613
1912       161                0             114     104       4.914165
1913       161                0             128     288       4.572278
1914       161                0             129     321       3.888197
1915       161                0             130     216       4.564040
1916       161                0             131       1       5.421535
1917       161                2             133     106       6.338283
1918       162                0              20     134       4.352789
1919       162                0              37     151       4.353600
1920       162                0              73      96       4.844210
1921       162                0              74      34       6.323546
1922       162                0              78     389       4.221377
1923       162                0              79     168       4.681077
1924       162                0              80      30       6.346159
1925       162                0              81     172       4.693733
1926       162                0              83     360       4.215931
1927       162                0              96     202       4.748681
1928       162                0              98     356       4.095678
1929       162                0             114     256       4.371954
1930       162                0             128     328       4.110169
1931       162                0             129     208       4.383330
1932       162                0             130     212       4.732046
1933       162                0             131     106       4.837062
1934       162                2             132      25       5.153757
1935       162                2             133      91       6.298949
1936       163                0              20     138       4.296708
1937       163                0              23       2       4.636912
1938       163                0              37      67       4.628254
1939       163                0              73       2       5.446549
1940       163                0              74       2       6.615899
1941       163                0              78     732       3.730853
1942       163                0              79     289       4.098671
1943       163                0              80      39       6.237897
1944       163                0              81     101       5.280871
1945       163                0              83     242       4.784513
1946       163                0              96     202       4.575171
1947       163                0              98     240       4.551206
1948       163                0             114     305       3.877241
1949       163                0             128     382       3.820596
1950       163                0             129      94       4.923179
1951       163                0             130     169       5.057338
1952       163                0             131     188       4.465780
1953       163                2             132     197       4.522075
1954       163                2             133      85       6.328360
1955       164                0              20     112       4.456215
1956       164                0              23      39       4.182934
1957       164                0              68      44       3.442350
1958       164                0              78     377       3.802591
1959       164                0              79     497       3.545500
1960       164                0              80      25       6.263612
1961       164                0              83     164       5.368266
1962       164                0              94      37       3.234621
1963       164                0              96     183       4.602877
1964       164                0              98     197       5.075026
1965       164                0             114     396       3.500199
1966       164                0             128     291       3.871566
1967       164                0             130      96       5.484853
1968       164                0             131     198       4.222871
1969       164                2             132     321       3.922846
1970       164                2             133      44       6.538533
1971       165                0              20      26       4.929039
1972       165                0              23      29       4.249032
1973       165                0              68     267       2.751743
1974       165                0              72       1       3.607471
1975       165                0              78     207       4.320802
1976       165                0              79     709       3.189422
1977       165                0              80       4       6.401119
1978       165                0              83     116       5.957835
1979       165                0              94     214       2.570185
1980       165                0              96     139       4.834269
1981       165                0              98      89       5.628758
1982       165                0             114     297       3.404192
1983       165                0             128     174       4.224195
1984       165                0             130       8       6.040841
1985       165                0             131     199       4.165948
1986       165                2             132     473       3.327601
1987       165                2             133       7       6.734173
1988       166                0              23       1       4.752826
1989       166                0              65      15       1.693816
1990       166                0              68     503       2.193544
1991       166                0              72      29       3.005340
1992       166                0              78     130       4.892675
1993       166                0              79     278       3.536441
1994       166                0              83       8       6.598444
1995       166                0              91       2       1.888133
1996       166                0              94     212       2.205864
1997       166                0              96     126       5.185804
1998       166                0             114     200       3.662064
1999       166                0             128     149       4.707505
2000       166                0             131     174       4.317996
2001       166                2             132     780       2.744130
2002       167                0              65     498       0.941755
2003       167                0              68     429       1.853503
2004       167                0              72      15       3.020194
2005       167                0              78      95       5.476785
2006       167                0              79     169       4.088238
2007       167                0              94      73       2.154798
2008       167                0              96      21       5.636453
2009       167                0             114      12       4.113174
2010       167                0             128      78       5.250214
2011       167                0             131      90       4.634014
2012       168                0              65     265       0.855428
2013       168                0              68       9       2.441154
2014       168                0              78      44       6.070640
2015       168                0              79      16       4.854658
2016       168                0              94       9       2.556054
2017       168                0             114       4       4.706619
2018       168                0             131       1       5.294582
